{
  "split": "val",
  "num_episodes": 100,
  "mean_f1": 0.0009999999776482583,
  "ci_f1": 0.001036223484317176,
  "mean_exact_match": 0.0009999999776482583,
  "ci_exact_match": 0.001036223484317176,
  "micro_f1": 0.001989257899912589,
  "macro_f1": 0.001990081014278669,
  "micro_precision": 0.18518518511659807,
  "micro_recall": 0.000999999999998,
  "micro_auc": 0.521087015,
  "macro_auc": 0.5210377256870122,
  "per_label_metrics": {
    "0": {
      "precision": 0.14285714265306124,
      "recall": 0.0010040160642469475,
      "f1": 0.001994017807514654,
      "support": 996
    },
    "1": {
      "precision": 0.4285714279591837,
      "recall": 0.003012048192740843,
      "f1": 0.005982053699758156,
      "support": 996
    },
    "2": {
      "precision": 0.0,
      "recall": 0.0,
      "f1": 0.0,
      "support": 992
    },
    "3": {
      "precision": 0.1999999996,
      "recall": 0.00099206349205365,
      "f1": 0.001974333564120534,
      "support": 1008
    },
    "4": {
      "precision": 0.0,
      "recall": 0.0,
      "f1": 0.0,
      "support": 1008
    }
  },
  "per_label_auc": {
    "0": 0.5198296933989706,
    "1": 0.5365037823622161,
    "2": 0.5268022422896144,
    "3": 0.5042422394391959,
    "4": 0.5178106709450647
  }
}